Well,Environment,Genotype1,Genotype2,Genotype3,Genotype4,Concentration,Volume,Comments
A1,SC,EP060_2_MA_T11_1,EP061_2,NA,NA,0,400,A1
A2,SC,EP060_2_MA_T11_2,EP061_2,NA,NA,0,400,A2
A3,SC,EP060_2_MA_T11_3,EP061_2,NA,NA,0,400,A3
A4,SC,EP060_2_MA_T11_4,EP061_2,NA,NA,0,400,A4
A5,SC,EP060_2_MA_T11_5,EP061_2,NA,NA,0,400,A5
A6,SC,EP060_2_MA_T11_6,EP061_2,NA,NA,0,400,A6
A7,SC,EP060_2_MA_T11_7,EP061_2,NA,NA,0,400,A7
A8,SC,EP060_2_MA_T11_8,EP061_2,NA,NA,0,400,A8
A9,SC,EP060_2_MA_T11_9,EP061_2,NA,NA,0,400,A9
A10,SC,EP060_2_MA_T11_10,EP061_2,NA,NA,0,400,A10
A11,SC,EP060_2_MA_T11_11,EP061_2,NA,NA,0,400,A11
A12,SC,EP060_2_MA_T11_12,EP061_2,NA,NA,0,400,A12
B1,SC,EP060_2_MA_T11_13,EP061_2,NA,NA,0,400,B1
B2,SC,EP060_2_MA_T11_14,EP061_2,NA,NA,0,400,B2
B3,SC,EP060_2_MA_T11_15,EP061_2,NA,NA,0,400,B3
B4,SC,EP060_2_MA_T11_16,EP061_2,NA,NA,0,400,B4
B5,SC,EP060_2_MA_T11_17,EP061_2,NA,NA,0,400,B5
B6,SC,EP060_2_MA_T11_18,EP061_2,NA,NA,0,400,B6
B7,SC,EP060_2_MA_T11_19,EP061_2,NA,NA,0,400,B7
B8,SC,EP060_2_MA_T11_20,EP061_2,NA,NA,0,400,B8
B9,SC,EP060_2_MA_T11_21,EP061_2,NA,NA,0,400,B9
B10,SC,EP060_2_MA_T11_22,EP061_2,NA,NA,0,400,B10
B11,SC,EP060_2_MA_T11_23,EP061_2,NA,NA,0,400,B11
B12,SC,EP060_2_MA_T11_24,EP061_2,NA,NA,0,400,B12
C1,SC,EP060_2_MA_T11_25,EP061_2,NA,NA,0,400,C1
C2,SC,EP060_2,EP061_2,NA,NA,0,400,C2
C3,SC,EP060_2,EP061_2,NA,NA,0,400,C3
C4,SC,EP060_2,EP061_2,NA,NA,0,400,C4
C5,SC,EP049,EP061_2,NA,NA,0,400,C5
C6,SC,EP060_pet1,EP061_2,NA,NA,0,400,C6
C7,SC,EP060_pet2,EP061_2,NA,NA,0,400,C7
C8,SC,EP060_pet3,EP061_2,NA,NA,0,400,C8
C9,SC,EP060_2_MA_T11_1,EP061_2,NA,NA,0,400,A1
C10,SC,EP060_2_MA_T11_2,EP061_2,NA,NA,0,400,A2
C11,SC,EP060_2_MA_T11_3,EP061_2,NA,NA,0,400,A3
C12,SC,EP060_2_MA_T11_4,EP061_2,NA,NA,0,400,A4
D1,SC,EP060_2_MA_T11_5,EP061_2,NA,NA,0,400,A5
D2,SC,EP060_2_MA_T11_6,EP061_2,NA,NA,0,400,A6
D3,SC,EP060_2_MA_T11_7,EP061_2,NA,NA,0,400,A7
D4,SC,EP060_2_MA_T11_8,EP061_2,NA,NA,0,400,A8
D5,SC,EP060_2_MA_T11_9,EP061_2,NA,NA,0,400,A9
D6,SC,EP060_2_MA_T11_10,EP061_2,NA,NA,0,400,A10
D7,SC,EP060_2_MA_T11_11,EP061_2,NA,NA,0,400,A11
D8,SC,EP060_2_MA_T11_12,EP061_2,NA,NA,0,400,A12
D9,SC,EP060_2_MA_T11_13,EP061_2,NA,NA,0,400,B1
D10,SC,EP060_2_MA_T11_14,EP061_2,NA,NA,0,400,B2
D11,SC,EP060_2_MA_T11_15,EP061_2,NA,NA,0,400,B3
D12,SC,EP060_2_MA_T11_16,EP061_2,NA,NA,0,400,B4
E1,SC,EP060_2_MA_T11_17,EP061_2,NA,NA,0,400,B5
E2,SC,EP060_2_MA_T11_18,EP061_2,NA,NA,0,400,B6
E3,SC,EP060_2_MA_T11_19,EP061_2,NA,NA,0,400,B7
E4,SC,EP060_2_MA_T11_20,EP061_2,NA,NA,0,400,B8
E5,SC,EP060_2_MA_T11_21,EP061_2,NA,NA,0,400,B9
E6,SC,EP060_2_MA_T11_22,EP061_2,NA,NA,0,400,B10
E7,SC,EP060_2_MA_T11_23,EP061_2,NA,NA,0,400,B11
E8,SC,EP060_2_MA_T11_24,EP061_2,NA,NA,0,400,B12
E9,SC,EP060_2_MA_T11_25,EP061_2,NA,NA,0,400,C1
E10,SC,EP060_2,EP061_2,NA,NA,0,400,C2
E11,SC,EP060_2,EP061_2,NA,NA,0,400,C3
E12,SC,EP060_2,EP061_2,NA,NA,0,400,C4
F1,SC,EP049,EP061_2,NA,NA,0,400,C5
F2,SC,EP060_pet1,EP061_2,NA,NA,0,400,C6
F3,SC,EP060_pet2,EP061_2,NA,NA,0,400,C7
F4,SC,EP060_pet3,EP061_2,NA,NA,0,400,C8
F5,SC,EP060_2_MA_T11_1,EP061_2,NA,NA,0,400,A1
F6,SC,EP060_2_MA_T11_2,EP061_2,NA,NA,0,400,A2
F7,SC,EP060_2_MA_T11_3,EP061_2,NA,NA,0,400,A3
F8,SC,EP060_2_MA_T11_4,EP061_2,NA,NA,0,400,A4
F9,SC,EP060_2_MA_T11_5,EP061_2,NA,NA,0,400,A5
F10,SC,EP060_2_MA_T11_6,EP061_2,NA,NA,0,400,A6
F11,SC,EP060_2_MA_T11_7,EP061_2,NA,NA,0,400,A7
F12,SC,EP060_2_MA_T11_8,EP061_2,NA,NA,0,400,A8
G1,SC,EP060_2_MA_T11_9,EP061_2,NA,NA,0,400,A9
G2,SC,EP060_2_MA_T11_10,EP061_2,NA,NA,0,400,A10
G3,SC,EP060_2_MA_T11_11,EP061_2,NA,NA,0,400,A11
G4,SC,EP060_2_MA_T11_12,EP061_2,NA,NA,0,400,A12
G5,SC,EP060_2_MA_T11_13,EP061_2,NA,NA,0,400,B1
G6,SC,EP060_2_MA_T11_14,EP061_2,NA,NA,0,400,B2
G7,SC,EP060_2_MA_T11_15,EP061_2,NA,NA,0,400,B3
G8,SC,EP060_2_MA_T11_16,EP061_2,NA,NA,0,400,B4
G9,SC,EP060_2_MA_T11_17,EP061_2,NA,NA,0,400,B5
G10,SC,EP060_2_MA_T11_18,EP061_2,NA,NA,0,400,B6
G11,SC,EP060_2_MA_T11_19,EP061_2,NA,NA,0,400,B7
G12,SC,EP060_2_MA_T11_20,EP061_2,NA,NA,0,400,B8
H1,SC,EP060_2_MA_T11_21,EP061_2,NA,NA,0,400,B9
H2,SC,EP060_2_MA_T11_22,EP061_2,NA,NA,0,400,B10
H3,SC,EP060_2_MA_T11_23,EP061_2,NA,NA,0,400,B11
H4,SC,EP060_2_MA_T11_24,EP061_2,NA,NA,0,400,B12
H5,SC,EP060_2_MA_T11_25,EP061_2,NA,NA,0,400,C1
H6,SC,EP060_2,EP061_2,NA,NA,0,400,C2
H7,SC,EP060_2,EP061_2,NA,NA,0,400,C3
H8,SC,EP060_2,EP061_2,NA,NA,0,400,C4
H9,SC,EP049,EP061_2,NA,NA,0,400,C5
H10,SC,EP060_pet1,EP061_2,NA,NA,0,400,C6
H11,SC,EP060_pet2,EP061_2,NA,NA,0,400,C7
H12,SC,EP060_pet3,EP061_2,NA,NA,0,400,C8